{
    "2.5.2": {
        "win32": "electron/2.5.2/BabylonJS Editor Setup 2.5.2.exe",
        "darwin": "electron/2.5.2/BabylonJS Editor-2.5.2.dmg"
    },
    "3.0.0": {
        "win32": "electron/3.0.0/BabylonJS Editor Setup 3.0.0.exe",
        "darwin": "electron/3.0.0/BabylonJS Editor-3.0.0.dmg"
    },
    "3.1.0": {
        "win32": "electron/3.1.0/BabylonJS Editor Setup 3.1.0.exe",
        "darwin": "electron/3.1.0/BabylonJS Editor-3.1.0.dmg"
    },
    "3.1.1": {
        "win32": "electron/3.1.1/BabylonJS Editor Setup 3.1.1.exe",
        "darwin": "electron/3.1.1/BabylonJS Editor-3.1.1.dmg"
    },
    "3.1.2": {
        "win32": "electron/3.1.2/BabylonJS Editor Setup 3.1.2.exe",
        "darwin": "electron/3.1.2/BabylonJS Editor-3.1.2.dmg"
    },
    "3.1.3": {
        "win32": "electron/3.1.3/BabylonJS Editor Setup 3.1.3.exe",
        "darwin": "electron/3.1.3/BabylonJS Editor-3.1.3.dmg"
    }
}
