{
  "name": "babylonjs-editor-generated-template",
  "version": "3.2.0",
  "description": "Generated Template by BabylonJS Editor v3.0",
  "scripts": {
    "clean": "rimraf build && rimraf declaration",
    "compile": "tsc -p .",
    "build": "webpack --mode development",
    "watch": "webpack --mode development --watch",
    "webserver": "http-server -p 1338 -c-1"
  },
  "license": "(Apache-2.0)",
  "devDependencies": {
    "@types/systemjs": "0.20.6",
    "@types/javascript-astar": "0.0.30",
    "typescript": "3.5.1",
    "http-server": "^0.11.1",
    "webpack": "4.41.2",
    "webpack-cli": "3.3.10",
    "ts-loader": "4.4.2",
    "babel-loader": "8.0.4"
  },
  "dependencies": {
    "systemjs-plugin-css": "~0.1.35",
    "systemjs": "~0.20.19",
    "rimraf": "~2.6.2",
    "es6-promise": "~4.1.0",
    "litegraph.js": "0.7.0",
    "@babylonjs/core": "4.1.0-beta.3",
    "@babylonjs/loaders": "4.1.0-beta.3",
    "@babylonjs/materials": "4.1.0-beta.3",
    "@babylonjs/post-processes": "4.1.0-beta.3",
    "@babylonjs/procedural-textures": "4.1.0-beta.3",
    "@babylonjs/gui": "4.1.0-beta.3",
    "babylonjs-editor-es6": "3.2.0",
    "cannon": "~0.6.2",
    "earcut": "~2.1.3"
  }
}